link,title
/reviews/about-schmidt-2002,About Schmidt (2002)
/reviews/about-time-2013,About Time (2013)
/reviews/about-a-boy-2002,About a Boy (2002)
/reviews/above-the-rim-1994,Above The Rim (1994)
/reviews/above-the-law-1988,Above the Law (1988)
/reviews/abraham-lincoln-vampire-hunter-2012,Abraham Lincoln: Vampire Hunter (2012)
/reviews/absence-of-malice,Absence of Malice (1981)
/reviews/absolute-power-1997,Absolute Power (1997)
/reviews/abuse-of-weakness-2014,Abuse of Weakness (2014)
/reviews/accident-1968,Accident (1968)
/reviews/accidental-love-2015,Accidental Love (2015)
/reviews/the-accidental-tourist-1989,The Accidental Tourist (1989)
/reviews/the-accompanist-1994,The Accompanist (1994)
/reviews/accomplices-2010,Accomplices (2010)
/reviews/the-accused-1988,The Accused (1988)
/reviews/ace-ventura-pet-detective-1994,Ace Ventura: Pet Detective (1994)
/reviews/great-movie-ace-in-the-hole-1951,Ace in the Hole (1951)
/reviews/across-the-universe-2007,Across the Universe (2007)
/reviews/the-act-of-killing-2013,The Act of Killing (2013)
/reviews/act-of-valor-2012,Act of Valor (2012)
/reviews/action-jackson-1988,Action Jackson (1988)
/reviews/actress-2014,Actress (2014)
/reviews/adam-2009,Adam (2009)
/reviews/adam-and-steve-2006,Adam & Steve (2006)
/reviews/adam-sandlers-eight-crazy-nights-2002,Adam Sandler's Eight Crazy Nights (2002)
/reviews/great-movie-adaptation-2002,Adaptation (2002)
/reviews/adaptation-2002,Adaptation (2002)
/reviews/the-addams-family-1991,The Addams Family (1991)
/reviews/addams-family-values-1993,Addams Family Values (1993)
/reviews/addicted-2014,Addicted (2014)
/reviews/addicted-to-fresno-2015,Addicted to Fresno (2015)
/reviews/addicted-to-love-1997,Addicted to Love (1997)
/reviews/addiction-incorporated-2012,Addiction Incorporated (2012)
/reviews/the-adjuster-1992,The Adjuster (1992)
/reviews/the-adjustment-bureau-2011,The Adjustment Bureau (2011)
/reviews/admission-2013,Admission (2013)
/reviews/adoration-2009,Adoration (2009)
/reviews/adore-2013,Adore (2013)
/reviews/adult-beginners-2015,Adult Beginners (2015)
/reviews/adult-world-2013,Adult World (2013)
/reviews/adventureland-2009,Adventureland (2009)
/reviews/the-adventurer-the-curse-of-the-midas-box-2014,The Adventurer: The Curse of the Midas Box (2014)
/reviews/adventures-in-babysitting-1987,Adventures in Babysitting (1987)
/reviews/the-adventures-of-baron-munchausen-1989,The Adventures of Baron Munchausen (1989)
/reviews/the-adventures-of-ford-fairlane-1990,The Adventures of Ford Fairlane (1990)
/reviews/the-adventures-of-huck-finn-1993,The Adventures of Huck Finn (1993)
/reviews/the-adventures-of-pinocchio-1996,The Adventures of Pinocchio (1996)
/reviews/the-adventures-of-priscilla-queen-of-the-desert-1994,"The Adventures of Priscilla, Queen of the Desert (1994)"
/reviews/great-movie-the-adventures-of-robin-hood-1938,The Adventures of Robin Hood (1938)
/reviews/the-adventures-of-rocky-and-bullwinkle-2000,The Adventures of Rocky & Bullwinkle (2000)
/reviews/the-adventures-of-sebastian-cole-1999,The Adventures of Sebastian Cole (1999)
